axis,mode,iteration,index,time_ms,output_bytes,io_backend,threads,cache_mb,memory_limit_mb,sb_parallel_mode
x,random,0,46,77.443,24059620,sb-contest,8,0,16384,serial
x,random,1,216,77.443,24059620,sb-contest,8,0,16384,serial
x,random,2,469,77.443,24059620,sb-contest,8,0,16384,serial
x,random,3,192,77.443,24059620,sb-contest,8,0,16384,serial
x,random,4,138,77.443,24059620,sb-contest,8,0,16384,serial
x,random,5,689,77.443,24059620,sb-contest,8,0,16384,serial
x,random,6,677,77.443,24059620,sb-contest,8,0,16384,serial
x,random,7,261,77.443,24059620,sb-contest,8,0,16384,serial
x,random,8,221,77.443,24059620,sb-contest,8,0,16384,serial
x,random,9,530,77.443,24059620,sb-contest,8,0,16384,serial
x,random,10,130,77.443,24059620,sb-contest,8,0,16384,serial
x,random,11,540,77.443,24059620,sb-contest,8,0,16384,serial
x,random,12,691,77.443,24059620,sb-contest,8,0,16384,serial
x,random,13,375,77.443,24059620,sb-contest,8,0,16384,serial
x,random,14,665,77.443,24059620,sb-contest,8,0,16384,serial
x,random,15,643,77.443,24059620,sb-contest,8,0,16384,serial
x,random,16,763,77.443,24059620,sb-contest,8,0,16384,serial
x,random,17,630,77.443,24059620,sb-contest,8,0,16384,serial
x,random,18,163,77.443,24059620,sb-contest,8,0,16384,serial
x,random,19,552,77.443,24059620,sb-contest,8,0,16384,serial
x,random,20,181,77.443,24059620,sb-contest,8,0,16384,serial
x,random,21,211,77.443,24059620,sb-contest,8,0,16384,serial
x,random,22,595,77.443,24059620,sb-contest,8,0,16384,serial
x,random,23,777,77.443,24059620,sb-contest,8,0,16384,serial
x,random,24,688,77.443,24059620,sb-contest,8,0,16384,serial
x,random,25,236,77.443,24059620,sb-contest,8,0,16384,serial
x,random,26,664,77.443,24059620,sb-contest,8,0,16384,serial
x,random,27,758,77.443,24059620,sb-contest,8,0,16384,serial
x,random,28,557,77.443,24059620,sb-contest,8,0,16384,serial
x,random,29,783,77.443,24059620,sb-contest,8,0,16384,serial
x,random,30,0,77.443,24059620,sb-contest,8,0,16384,serial
x,random,31,260,77.443,24059620,sb-contest,8,0,16384,serial
x,random,32,412,77.443,24059620,sb-contest,8,0,16384,serial
x,random,33,399,77.443,24059620,sb-contest,8,0,16384,serial
x,random,34,173,77.443,24059620,sb-contest,8,0,16384,serial
x,random,35,101,77.443,24059620,sb-contest,8,0,16384,serial
x,random,36,180,77.443,24059620,sb-contest,8,0,16384,serial
x,random,37,351,77.443,24059620,sb-contest,8,0,16384,serial
x,random,38,733,77.443,24059620,sb-contest,8,0,16384,serial
x,random,39,205,77.443,24059620,sb-contest,8,0,16384,serial
x,random,40,750,77.443,24059620,sb-contest,8,0,16384,serial
x,random,41,608,77.443,24059620,sb-contest,8,0,16384,serial
x,random,42,560,77.443,24059620,sb-contest,8,0,16384,serial
x,random,43,98,77.443,24059620,sb-contest,8,0,16384,serial
x,random,44,576,77.443,24059620,sb-contest,8,0,16384,serial
x,random,45,618,77.443,24059620,sb-contest,8,0,16384,serial
x,random,46,211,77.443,24059620,sb-contest,8,0,16384,serial
x,random,47,116,77.443,24059620,sb-contest,8,0,16384,serial
x,random,48,349,77.443,24059620,sb-contest,8,0,16384,serial
x,random,49,473,77.443,24059620,sb-contest,8,0,16384,serial
x,random,50,638,77.443,24059620,sb-contest,8,0,16384,serial
x,random,51,618,77.443,24059620,sb-contest,8,0,16384,serial
x,random,52,278,77.443,24059620,sb-contest,8,0,16384,serial
x,random,53,313,77.443,24059620,sb-contest,8,0,16384,serial
x,random,54,316,77.443,24059620,sb-contest,8,0,16384,serial
x,random,55,411,77.443,24059620,sb-contest,8,0,16384,serial
x,random,56,654,77.443,24059620,sb-contest,8,0,16384,serial
x,random,57,200,77.443,24059620,sb-contest,8,0,16384,serial
x,random,58,696,77.443,24059620,sb-contest,8,0,16384,serial
x,random,59,553,77.443,24059620,sb-contest,8,0,16384,serial
x,random,60,353,77.443,24059620,sb-contest,8,0,16384,serial
x,random,61,277,77.443,24059620,sb-contest,8,0,16384,serial
x,random,62,796,77.443,24059620,sb-contest,8,0,16384,serial
x,random,63,622,77.443,24059620,sb-contest,8,0,16384,serial
x,random,64,630,77.443,24059620,sb-contest,8,0,16384,serial
x,random,65,582,77.443,24059620,sb-contest,8,0,16384,serial
x,random,66,198,77.443,24059620,sb-contest,8,0,16384,serial
x,random,67,394,77.443,24059620,sb-contest,8,0,16384,serial
x,random,68,453,77.443,24059620,sb-contest,8,0,16384,serial
x,random,69,186,77.443,24059620,sb-contest,8,0,16384,serial
x,random,70,148,77.443,24059620,sb-contest,8,0,16384,serial
x,random,71,578,77.443,24059620,sb-contest,8,0,16384,serial
x,random,72,194,77.443,24059620,sb-contest,8,0,16384,serial
x,random,73,649,77.443,24059620,sb-contest,8,0,16384,serial
x,random,74,69,77.443,24059620,sb-contest,8,0,16384,serial
x,random,75,298,77.443,24059620,sb-contest,8,0,16384,serial
x,random,76,6,77.443,24059620,sb-contest,8,0,16384,serial
x,random,77,243,77.443,24059620,sb-contest,8,0,16384,serial
x,random,78,65,77.443,24059620,sb-contest,8,0,16384,serial
x,random,79,505,77.443,24059620,sb-contest,8,0,16384,serial
x,random,80,28,77.443,24059620,sb-contest,8,0,16384,serial
x,random,81,164,77.443,24059620,sb-contest,8,0,16384,serial
x,random,82,135,77.443,24059620,sb-contest,8,0,16384,serial
x,random,83,71,77.443,24059620,sb-contest,8,0,16384,serial
x,random,84,366,77.443,24059620,sb-contest,8,0,16384,serial
x,random,85,440,77.443,24059620,sb-contest,8,0,16384,serial
x,random,86,158,77.443,24059620,sb-contest,8,0,16384,serial
x,random,87,741,77.443,24059620,sb-contest,8,0,16384,serial
x,random,88,482,77.443,24059620,sb-contest,8,0,16384,serial
x,random,89,719,77.443,24059620,sb-contest,8,0,16384,serial
x,random,90,623,77.443,24059620,sb-contest,8,0,16384,serial
x,random,91,296,77.443,24059620,sb-contest,8,0,16384,serial
x,random,92,115,77.443,24059620,sb-contest,8,0,16384,serial
x,random,93,345,77.443,24059620,sb-contest,8,0,16384,serial
x,random,94,747,77.443,24059620,sb-contest,8,0,16384,serial
x,random,95,571,77.443,24059620,sb-contest,8,0,16384,serial
x,random,96,793,77.443,24059620,sb-contest,8,0,16384,serial
x,random,97,671,77.443,24059620,sb-contest,8,0,16384,serial
x,random,98,125,77.443,24059620,sb-contest,8,0,16384,serial
x,random,99,473,77.443,24059620,sb-contest,8,0,16384,serial
y,random,0,1376,77.443,8013204,sb-contest,8,0,16384,serial
y,random,1,1270,77.443,8013204,sb-contest,8,0,16384,serial
y,random,2,242,77.443,8013204,sb-contest,8,0,16384,serial
y,random,3,762,77.443,8013204,sb-contest,8,0,16384,serial
y,random,4,1409,77.443,8013204,sb-contest,8,0,16384,serial
y,random,5,1373,77.443,8013204,sb-contest,8,0,16384,serial
y,random,6,1601,77.443,8013204,sb-contest,8,0,16384,serial
y,random,7,651,77.443,8013204,sb-contest,8,0,16384,serial
y,random,8,627,77.443,8013204,sb-contest,8,0,16384,serial
y,random,9,2278,77.443,8013204,sb-contest,8,0,16384,serial
y,random,10,1442,77.443,8013204,sb-contest,8,0,16384,serial
y,random,11,1976,77.443,8013204,sb-contest,8,0,16384,serial
y,random,12,1703,77.443,8013204,sb-contest,8,0,16384,serial
y,random,13,1149,77.443,8013204,sb-contest,8,0,16384,serial
y,random,14,2263,77.443,8013204,sb-contest,8,0,16384,serial
y,random,15,1671,77.443,8013204,sb-contest,8,0,16384,serial
y,random,16,2379,77.443,8013204,sb-contest,8,0,16384,serial
y,random,17,1900,77.443,8013204,sb-contest,8,0,16384,serial
y,random,18,83,77.443,8013204,sb-contest,8,0,16384,serial
y,random,19,696,77.443,8013204,sb-contest,8,0,16384,serial
y,random,20,842,77.443,8013204,sb-contest,8,0,16384,serial
y,random,21,2129,77.443,8013204,sb-contest,8,0,16384,serial
y,random,22,414,77.443,8013204,sb-contest,8,0,16384,serial
y,random,23,2268,77.443,8013204,sb-contest,8,0,16384,serial
y,random,24,1175,77.443,8013204,sb-contest,8,0,16384,serial
y,random,25,212,77.443,8013204,sb-contest,8,0,16384,serial
y,random,26,2029,77.443,8013204,sb-contest,8,0,16384,serial
y,random,27,965,77.443,8013204,sb-contest,8,0,16384,serial
y,random,28,1338,77.443,8013204,sb-contest,8,0,16384,serial
y,random,29,246,77.443,8013204,sb-contest,8,0,16384,serial
y,random,30,189,77.443,8013204,sb-contest,8,0,16384,serial
y,random,31,2278,77.443,8013204,sb-contest,8,0,16384,serial
y,random,32,1006,77.443,8013204,sb-contest,8,0,16384,serial
y,random,33,1365,77.443,8013204,sb-contest,8,0,16384,serial
y,random,34,1790,77.443,8013204,sb-contest,8,0,16384,serial
y,random,35,552,77.443,8013204,sb-contest,8,0,16384,serial
y,random,36,781,77.443,8013204,sb-contest,8,0,16384,serial
y,random,37,2182,77.443,8013204,sb-contest,8,0,16384,serial
y,random,38,2052,77.443,8013204,sb-contest,8,0,16384,serial
y,random,39,349,77.443,8013204,sb-contest,8,0,16384,serial
y,random,40,2058,77.443,8013204,sb-contest,8,0,16384,serial
y,random,41,706,77.443,8013204,sb-contest,8,0,16384,serial
y,random,42,1627,77.443,8013204,sb-contest,8,0,16384,serial
y,random,43,1064,77.443,8013204,sb-contest,8,0,16384,serial
y,random,44,824,77.443,8013204,sb-contest,8,0,16384,serial
y,random,45,1972,77.443,8013204,sb-contest,8,0,16384,serial
y,random,46,1329,77.443,8013204,sb-contest,8,0,16384,serial
y,random,47,517,77.443,8013204,sb-contest,8,0,16384,serial
y,random,48,339,77.443,8013204,sb-contest,8,0,16384,serial
y,random,49,166,77.443,8013204,sb-contest,8,0,16384,serial
y,random,50,1357,77.443,8013204,sb-contest,8,0,16384,serial
y,random,51,156,77.443,8013204,sb-contest,8,0,16384,serial
y,random,52,1507,77.443,8013204,sb-contest,8,0,16384,serial
y,random,53,768,77.443,8013204,sb-contest,8,0,16384,serial
y,random,54,2312,77.443,8013204,sb-contest,8,0,16384,serial
y,random,55,426,77.443,8013204,sb-contest,8,0,16384,serial
y,random,56,1955,77.443,8013204,sb-contest,8,0,16384,serial
y,random,57,690,77.443,8013204,sb-contest,8,0,16384,serial
y,random,58,2100,77.443,8013204,sb-contest,8,0,16384,serial
y,random,59,1684,77.443,8013204,sb-contest,8,0,16384,serial
y,random,60,168,77.443,8013204,sb-contest,8,0,16384,serial
y,random,61,909,77.443,8013204,sb-contest,8,0,16384,serial
y,random,62,2217,77.443,8013204,sb-contest,8,0,16384,serial
y,random,63,346,77.443,8013204,sb-contest,8,0,16384,serial
y,random,64,1598,77.443,8013204,sb-contest,8,0,16384,serial
y,random,65,1487,77.443,8013204,sb-contest,8,0,16384,serial
y,random,66,1830,77.443,8013204,sb-contest,8,0,16384,serial
y,random,67,625,77.443,8013204,sb-contest,8,0,16384,serial
y,random,68,1849,77.443,8013204,sb-contest,8,0,16384,serial
y,random,69,575,77.443,8013204,sb-contest,8,0,16384,serial
y,random,70,977,77.443,8013204,sb-contest,8,0,16384,serial
y,random,71,984,77.443,8013204,sb-contest,8,0,16384,serial
y,random,72,748,77.443,8013204,sb-contest,8,0,16384,serial
y,random,73,1284,77.443,8013204,sb-contest,8,0,16384,serial
y,random,74,833,77.443,8013204,sb-contest,8,0,16384,serial
y,random,75,1520,77.443,8013204,sb-contest,8,0,16384,serial
y,random,76,193,77.443,8013204,sb-contest,8,0,16384,serial
y,random,77,1533,77.443,8013204,sb-contest,8,0,16384,serial
y,random,78,1504,77.443,8013204,sb-contest,8,0,16384,serial
y,random,79,801,77.443,8013204,sb-contest,8,0,16384,serial
y,random,80,1530,77.443,8013204,sb-contest,8,0,16384,serial
y,random,81,2233,77.443,8013204,sb-contest,8,0,16384,serial
y,random,82,59,77.443,8013204,sb-contest,8,0,16384,serial
y,random,83,1808,77.443,8013204,sb-contest,8,0,16384,serial
y,random,84,1521,77.443,8013204,sb-contest,8,0,16384,serial
y,random,85,1887,77.443,8013204,sb-contest,8,0,16384,serial
y,random,86,806,77.443,8013204,sb-contest,8,0,16384,serial
y,random,87,491,77.443,8013204,sb-contest,8,0,16384,serial
y,random,88,1555,77.443,8013204,sb-contest,8,0,16384,serial
y,random,89,535,77.443,8013204,sb-contest,8,0,16384,serial
y,random,90,2134,77.443,8013204,sb-contest,8,0,16384,serial
y,random,91,1678,77.443,8013204,sb-contest,8,0,16384,serial
y,random,92,1463,77.443,8013204,sb-contest,8,0,16384,serial
y,random,93,1349,77.443,8013204,sb-contest,8,0,16384,serial
y,random,94,1827,77.443,8013204,sb-contest,8,0,16384,serial
y,random,95,599,77.443,8013204,sb-contest,8,0,16384,serial
y,random,96,91,77.443,8013204,sb-contest,8,0,16384,serial
y,random,97,1571,77.443,8013204,sb-contest,8,0,16384,serial
y,random,98,179,77.443,8013204,sb-contest,8,0,16384,serial
y,random,99,1077,77.443,8013204,sb-contest,8,0,16384,serial
z,random,0,2493,77.443,7705620,sb-contest,8,0,16384,serial
z,random,1,1466,77.443,7705620,sb-contest,8,0,16384,serial
z,random,2,4,77.443,7705620,sb-contest,8,0,16384,serial
z,random,3,1825,77.443,7705620,sb-contest,8,0,16384,serial
z,random,4,1630,77.443,7705620,sb-contest,8,0,16384,serial
z,random,5,1395,77.443,7705620,sb-contest,8,0,16384,serial
z,random,6,884,77.443,7705620,sb-contest,8,0,16384,serial
z,random,7,984,77.443,7705620,sb-contest,8,0,16384,serial
z,random,8,1331,77.443,7705620,sb-contest,8,0,16384,serial
z,random,9,1231,77.443,7705620,sb-contest,8,0,16384,serial
z,random,10,1672,77.443,7705620,sb-contest,8,0,16384,serial
z,random,11,1276,77.443,7705620,sb-contest,8,0,16384,serial
z,random,12,140,77.443,7705620,sb-contest,8,0,16384,serial
z,random,13,2425,77.443,7705620,sb-contest,8,0,16384,serial
z,random,14,2159,77.443,7705620,sb-contest,8,0,16384,serial
z,random,15,711,77.443,7705620,sb-contest,8,0,16384,serial
z,random,16,227,77.443,7705620,sb-contest,8,0,16384,serial
z,random,17,1344,77.443,7705620,sb-contest,8,0,16384,serial
z,random,18,118,77.443,7705620,sb-contest,8,0,16384,serial
z,random,19,1429,77.443,7705620,sb-contest,8,0,16384,serial
z,random,20,545,77.443,7705620,sb-contest,8,0,16384,serial
z,random,21,1953,77.443,7705620,sb-contest,8,0,16384,serial
z,random,22,618,77.443,7705620,sb-contest,8,0,16384,serial
z,random,23,1927,77.443,7705620,sb-contest,8,0,16384,serial
z,random,24,1495,77.443,7705620,sb-contest,8,0,16384,serial
z,random,25,2289,77.443,7705620,sb-contest,8,0,16384,serial
z,random,26,524,77.443,7705620,sb-contest,8,0,16384,serial
z,random,27,1165,77.443,7705620,sb-contest,8,0,16384,serial
z,random,28,504,77.443,7705620,sb-contest,8,0,16384,serial
z,random,29,1355,77.443,7705620,sb-contest,8,0,16384,serial
z,random,30,1934,77.443,7705620,sb-contest,8,0,16384,serial
z,random,31,1637,77.443,7705620,sb-contest,8,0,16384,serial
z,random,32,681,77.443,7705620,sb-contest,8,0,16384,serial
z,random,33,2050,77.443,7705620,sb-contest,8,0,16384,serial
z,random,34,2431,77.443,7705620,sb-contest,8,0,16384,serial
z,random,35,1589,77.443,7705620,sb-contest,8,0,16384,serial
z,random,36,1013,77.443,7705620,sb-contest,8,0,16384,serial
z,random,37,1177,77.443,7705620,sb-contest,8,0,16384,serial
z,random,38,812,77.443,7705620,sb-contest,8,0,16384,serial
z,random,39,707,77.443,7705620,sb-contest,8,0,16384,serial
z,random,40,948,77.443,7705620,sb-contest,8,0,16384,serial
z,random,41,54,77.443,7705620,sb-contest,8,0,16384,serial
z,random,42,2260,77.443,7705620,sb-contest,8,0,16384,serial
z,random,43,2067,77.443,7705620,sb-contest,8,0,16384,serial
z,random,44,1073,77.443,7705620,sb-contest,8,0,16384,serial
z,random,45,1460,77.443,7705620,sb-contest,8,0,16384,serial
z,random,46,1883,77.443,7705620,sb-contest,8,0,16384,serial
z,random,47,1597,77.443,7705620,sb-contest,8,0,16384,serial
z,random,48,2454,77.443,7705620,sb-contest,8,0,16384,serial
z,random,49,1627,77.443,7705620,sb-contest,8,0,16384,serial
z,random,50,1086,77.443,7705620,sb-contest,8,0,16384,serial
z,random,51,2490,77.443,7705620,sb-contest,8,0,16384,serial
z,random,52,336,77.443,7705620,sb-contest,8,0,16384,serial
z,random,53,138,77.443,7705620,sb-contest,8,0,16384,serial
z,random,54,2200,77.443,7705620,sb-contest,8,0,16384,serial
z,random,55,1479,77.443,7705620,sb-contest,8,0,16384,serial
z,random,56,917,77.443,7705620,sb-contest,8,0,16384,serial
z,random,57,1543,77.443,7705620,sb-contest,8,0,16384,serial
z,random,58,2076,77.443,7705620,sb-contest,8,0,16384,serial
z,random,59,2473,77.443,7705620,sb-contest,8,0,16384,serial
z,random,60,632,77.443,7705620,sb-contest,8,0,16384,serial
z,random,61,1332,77.443,7705620,sb-contest,8,0,16384,serial
z,random,62,1900,77.443,7705620,sb-contest,8,0,16384,serial
z,random,63,314,77.443,7705620,sb-contest,8,0,16384,serial
z,random,64,2476,77.443,7705620,sb-contest,8,0,16384,serial
z,random,65,166,77.443,7705620,sb-contest,8,0,16384,serial
z,random,66,1161,77.443,7705620,sb-contest,8,0,16384,serial
z,random,67,470,77.443,7705620,sb-contest,8,0,16384,serial
z,random,68,1444,77.443,7705620,sb-contest,8,0,16384,serial
z,random,69,686,77.443,7705620,sb-contest,8,0,16384,serial
z,random,70,2015,77.443,7705620,sb-contest,8,0,16384,serial
z,random,71,1030,77.443,7705620,sb-contest,8,0,16384,serial
z,random,72,224,77.443,7705620,sb-contest,8,0,16384,serial
z,random,73,2009,77.443,7705620,sb-contest,8,0,16384,serial
z,random,74,2376,77.443,7705620,sb-contest,8,0,16384,serial
z,random,75,2128,77.443,7705620,sb-contest,8,0,16384,serial
z,random,76,2439,77.443,7705620,sb-contest,8,0,16384,serial
z,random,77,295,77.443,7705620,sb-contest,8,0,16384,serial
z,random,78,2486,77.443,7705620,sb-contest,8,0,16384,serial
z,random,79,1245,77.443,7705620,sb-contest,8,0,16384,serial
z,random,80,1538,77.443,7705620,sb-contest,8,0,16384,serial
z,random,81,1242,77.443,7705620,sb-contest,8,0,16384,serial
z,random,82,1052,77.443,7705620,sb-contest,8,0,16384,serial
z,random,83,1244,77.443,7705620,sb-contest,8,0,16384,serial
z,random,84,2391,77.443,7705620,sb-contest,8,0,16384,serial
z,random,85,409,77.443,7705620,sb-contest,8,0,16384,serial
z,random,86,2169,77.443,7705620,sb-contest,8,0,16384,serial
z,random,87,178,77.443,7705620,sb-contest,8,0,16384,serial
z,random,88,1397,77.443,7705620,sb-contest,8,0,16384,serial
z,random,89,1825,77.443,7705620,sb-contest,8,0,16384,serial
z,random,90,663,77.443,7705620,sb-contest,8,0,16384,serial
z,random,91,1408,77.443,7705620,sb-contest,8,0,16384,serial
z,random,92,1901,77.443,7705620,sb-contest,8,0,16384,serial
z,random,93,902,77.443,7705620,sb-contest,8,0,16384,serial
z,random,94,622,77.443,7705620,sb-contest,8,0,16384,serial
z,random,95,1082,77.443,7705620,sb-contest,8,0,16384,serial
z,random,96,1155,77.443,7705620,sb-contest,8,0,16384,serial
z,random,97,429,77.443,7705620,sb-contest,8,0,16384,serial
z,random,98,1300,77.443,7705620,sb-contest,8,0,16384,serial
z,random,99,876,77.443,7705620,sb-contest,8,0,16384,serial
x,continuous,0,395,77.443,24059620,sb-contest,8,0,16384,serial
x,continuous,1,396,77.443,24059620,sb-contest,8,0,16384,serial
x,continuous,2,397,77.443,24059620,sb-contest,8,0,16384,serial
x,continuous,3,398,77.443,24059620,sb-contest,8,0,16384,serial
x,continuous,4,399,77.443,24059620,sb-contest,8,0,16384,serial
x,continuous,5,400,77.443,24059620,sb-contest,8,0,16384,serial
x,continuous,6,401,77.443,24059620,sb-contest,8,0,16384,serial
x,continuous,7,402,77.443,24059620,sb-contest,8,0,16384,serial
x,continuous,8,403,77.443,24059620,sb-contest,8,0,16384,serial
x,continuous,9,404,77.443,24059620,sb-contest,8,0,16384,serial
y,continuous,0,1197,77.443,8013204,sb-contest,8,0,16384,serial
y,continuous,1,1198,77.443,8013204,sb-contest,8,0,16384,serial
y,continuous,2,1199,77.443,8013204,sb-contest,8,0,16384,serial
y,continuous,3,1200,77.443,8013204,sb-contest,8,0,16384,serial
y,continuous,4,1201,77.443,8013204,sb-contest,8,0,16384,serial
y,continuous,5,1202,77.443,8013204,sb-contest,8,0,16384,serial
y,continuous,6,1203,77.443,8013204,sb-contest,8,0,16384,serial
y,continuous,7,1204,77.443,8013204,sb-contest,8,0,16384,serial
y,continuous,8,1205,77.443,8013204,sb-contest,8,0,16384,serial
y,continuous,9,1206,77.443,8013204,sb-contest,8,0,16384,serial
z,continuous,0,1245,77.443,7705620,sb-contest,8,0,16384,serial
z,continuous,1,1246,77.443,7705620,sb-contest,8,0,16384,serial
z,continuous,2,1247,77.443,7705620,sb-contest,8,0,16384,serial
z,continuous,3,1248,77.443,7705620,sb-contest,8,0,16384,serial
z,continuous,4,1249,77.443,7705620,sb-contest,8,0,16384,serial
z,continuous,5,1250,77.443,7705620,sb-contest,8,0,16384,serial
z,continuous,6,1251,77.443,7705620,sb-contest,8,0,16384,serial
z,continuous,7,1252,77.443,7705620,sb-contest,8,0,16384,serial
z,continuous,8,1253,77.443,7705620,sb-contest,8,0,16384,serial
z,continuous,9,1254,77.443,7705620,sb-contest,8,0,16384,serial
